OrderID,OrderDate,CustomerID,ProductName,Category,Region,Quantity,UnitPrice,TotalRevenue
ORD1000,2023-01-01,CUST151,Headphones,Electronics,East,9,7704,69336
ORD1001,2023-01-02,CUST192,Smartphone,Accessories,North,9,4713,42417
ORD1002,2023-01-03,CUST114,Tablet,Electronics,East,5,6051,30255
ORD1003,2023-01-04,CUST171,Keyboard,Accessories,West,4,11756,47024
ORD1004,2023-01-05,CUST160,Mouse,Accessories,North,6,3475,20850
ORD1005,2023-01-06,CUST120,Laptop,Electronics,East,7,37378,261646
ORD1006,2023-01-07,CUST182,Keyboard,Accessories,West,5,5255,26275
ORD1007,2023-01-08,CUST186,Mouse,Accessories,North,9,15484,139356
ORD1008,2023-01-09,CUST174,Headphones,Electronics,West,3,35503,106509
ORD1009,2023-01-10,CUST174,Keyboard,Accessories,South,7,9258,64806
ORD1010,2023-01-11,CUST187,Laptop,Electronics,South,5,41747,208735
ORD1011,2023-01-12,CUST199,Mouse,Accessories,North,7,36196,253372
ORD1012,2023-01-13,CUST123,Mouse,Electronics,East,2,46113,92226
ORD1013,2023-01-14,CUST102,Mouse,Electronics,North,4,41194,164776
ORD1014,2023-01-15,CUST121,Headphones,Accessories,West,2,9533,19066
ORD1015,2023-01-16,CUST152,Keyboard,Accessories,East,7,33581,235067
ORD1016,2023-01-17,CUST101,Headphones,Accessories,South,2,6249,12498
ORD1017,2023-01-18,CUST187,Smartphone,Accessories,East,1,20201,20201
ORD1018,2023-01-19,CUST129,Smartphone,Accessories,South,9,10686,96174
ORD1019,2023-01-20,CUST137,Keyboard,Electronics,East,1,47877,47877
ORD1020,2023-01-21,CUST101,Headphones,Accessories,East,8,33007,264056
ORD1021,2023-01-22,CUST163,Laptop,Electronics,East,2,1661,3322
ORD1022,2023-01-23,CUST159,Mouse,Electronics,West,8,45843,366744
ORD1023,2023-01-24,CUST120,Mouse,Accessories,West,3,31137,93411
ORD1024,2023-01-25,CUST132,Keyboard,Electronics,North,6,48556,291336
ORD1025,2023-01-26,CUST175,Smartphone,Electronics,North,3,43828,131484
ORD1026,2023-01-27,CUST157,Smartphone,Electronics,South,7,49604,347228
ORD1027,2023-01-28,CUST121,Mouse,Electronics,West,9,11526,103734
ORD1028,2023-01-29,CUST188,Keyboard,Accessories,South,2,4374,8748
ORD1029,2023-01-30,CUST148,Headphones,Electronics,North,5,26592,132960
ORD1030,2023-01-31,CUST190,Smartphone,Accessories,South,6,29982,179892
ORD1031,2023-02-01,CUST158,Headphones,Accessories,North,4,1207,4828
ORD1032,2023-02-02,CUST141,Smartphone,Electronics,West,4,36433,145732
ORD1033,2023-02-03,CUST191,Smartphone,Accessories,East,4,24197,96788
ORD1034,2023-02-04,CUST159,Tablet,Accessories,West,2,34400,68800
ORD1035,2023-02-05,CUST179,Smartphone,Accessories,South,4,4083,16332
ORD1036,2023-02-06,CUST114,Laptop,Electronics,South,1,30328,30328
ORD1037,2023-02-07,CUST161,Keyboard,Accessories,West,6,47479,284874
ORD1038,2023-02-08,CUST161,Keyboard,Accessories,West,1,43891,43891
ORD1039,2023-02-09,CUST146,Headphones,Accessories,North,6,21103,126618
ORD1040,2023-02-10,CUST161,Smartphone,Electronics,South,1,40891,40891
ORD1041,2023-02-11,CUST150,Laptop,Accessories,South,6,11754,70524
ORD1042,2023-02-12,CUST154,Headphones,Electronics,West,8,35447,283576
ORD1043,2023-02-13,CUST163,Tablet,Electronics,East,2,16901,33802
ORD1044,2023-02-14,CUST102,Headphones,Electronics,South,2,34004,68008
ORD1045,2023-02-15,CUST150,Headphones,Electronics,East,4,8446,33784
ORD1046,2023-02-16,CUST106,Smartphone,Electronics,West,3,38211,114633
ORD1047,2023-02-17,CUST120,Tablet,Electronics,West,4,49231,196924
ORD1048,2023-02-18,CUST172,Headphones,Accessories,North,7,30301,212107
ORD1049,2023-02-19,CUST138,Laptop,Electronics,South,1,27116,27116
ORD1050,2023-02-20,CUST117,Laptop,Accessories,East,6,42323,253938
ORD1051,2023-02-21,CUST103,Keyboard,Accessories,North,3,19752,59256
ORD1052,2023-02-22,CUST188,Tablet,Electronics,South,7,33376,233632
ORD1053,2023-02-23,CUST159,Tablet,Accessories,North,2,17669,35338
ORD1054,2023-02-24,CUST113,Keyboard,Accessories,West,2,33916,67832
ORD1055,2023-02-25,CUST108,Headphones,Accessories,South,4,14395,57580
ORD1056,2023-02-26,CUST189,Tablet,Accessories,North,1,21421,21421
ORD1057,2023-02-27,CUST152,Laptop,Electronics,North,3,27342,82026
ORD1058,2023-02-28,CUST101,Laptop,Accessories,East,9,5895,53055
ORD1059,2023-03-01,CUST183,Smartphone,Electronics,North,7,12023,84161
ORD1060,2023-03-02,CUST191,Tablet,Accessories,South,7,11699,81893
ORD1061,2023-03-03,CUST159,Headphones,Accessories,South,4,10715,42860
ORD1062,2023-03-04,CUST170,Keyboard,Electronics,East,2,20169,40338
ORD1063,2023-03-05,CUST143,Keyboard,Accessories,South,4,17163,68652
ORD1064,2023-03-06,CUST107,Headphones,Accessories,West,6,6782,40692
ORD1065,2023-03-07,CUST146,Mouse,Accessories,South,3,23641,70923
ORD1066,2023-03-08,CUST134,Smartphone,Electronics,South,1,19792,19792
ORD1067,2023-03-09,CUST177,Keyboard,Accessories,North,8,36585,292680
ORD1068,2023-03-10,CUST180,Tablet,Electronics,North,5,31682,158410
ORD1069,2023-03-11,CUST135,Smartphone,Accessories,South,5,48864,244320
ORD1070,2023-03-12,CUST149,Tablet,Electronics,East,4,19880,79520
ORD1071,2023-03-13,CUST103,Laptop,Electronics,North,6,39067,234402
ORD1072,2023-03-14,CUST101,Smartphone,Accessories,East,3,43685,131055
ORD1073,2023-03-15,CUST105,Keyboard,Accessories,South,9,19073,171657
ORD1074,2023-03-16,CUST153,Smartphone,Electronics,South,5,37035,185175
ORD1075,2023-03-17,CUST103,Smartphone,Electronics,West,3,38174,114522
ORD1076,2023-03-18,CUST153,Smartphone,Accessories,North,1,25837,25837
ORD1077,2023-03-19,CUST192,Mouse,Electronics,South,6,18826,112956
ORD1078,2023-03-20,CUST162,Smartphone,Accessories,West,2,25981,51962
ORD1079,2023-03-21,CUST117,Tablet,Accessories,North,3,11382,34146
ORD1080,2023-03-22,CUST189,Laptop,Accessories,South,1,5437,5437
ORD1081,2023-03-23,CUST143,Headphones,Accessories,South,9,6435,57915
ORD1082,2023-03-24,CUST133,Smartphone,Electronics,North,8,25819,206552
ORD1083,2023-03-25,CUST173,Keyboard,Accessories,North,2,37875,75750
ORD1084,2023-03-26,CUST161,Smartphone,Electronics,North,8,32982,263856
ORD1085,2023-03-27,CUST199,Keyboard,Accessories,South,9,34328,308952
ORD1086,2023-03-28,CUST113,Tablet,Electronics,South,1,13329,13329
ORD1087,2023-03-29,CUST194,Keyboard,Accessories,West,5,26169,130845
ORD1088,2023-03-30,CUST147,Headphones,Electronics,East,8,22932,183456
ORD1089,2023-03-31,CUST114,Laptop,Electronics,North,2,35594,71188
ORD1090,2023-04-01,CUST171,Keyboard,Accessories,South,4,12421,49684
ORD1091,2023-04-02,CUST177,Keyboard,Accessories,South,7,46033,322231
ORD1092,2023-04-03,CUST186,Laptop,Accessories,North,3,8629,25887
ORD1093,2023-04-04,CUST161,Headphones,Accessories,East,5,9325,46625
ORD1094,2023-04-05,CUST139,Smartphone,Electronics,North,8,29495,235960
ORD1095,2023-04-06,CUST184,Keyboard,Accessories,East,3,32750,98250
ORD1096,2023-04-07,CUST179,Laptop,Electronics,South,4,30619,122476
ORD1097,2023-04-08,CUST181,Tablet,Electronics,East,9,41461,373149
ORD1098,2023-04-09,CUST152,Laptop,Accessories,West,7,9264,64848
ORD1099,2023-04-10,CUST123,Tablet,Electronics,South,1,13686,13686
ORD1100,2023-04-11,CUST125,Headphones,Electronics,West,4,47484,189936
ORD1101,2023-04-12,CUST188,Smartphone,Electronics,North,4,25226,100904
ORD1102,2023-04-13,CUST159,Laptop,Electronics,North,9,7721,69489
ORD1103,2023-04-14,CUST140,Mouse,Accessories,North,6,21609,129654
ORD1104,2023-04-15,CUST128,Keyboard,Accessories,East,9,8373,75357
ORD1105,2023-04-16,CUST114,Headphones,Accessories,South,6,39675,238050
ORD1106,2023-04-17,CUST144,Laptop,Accessories,North,6,49895,299370
ORD1107,2023-04-18,CUST164,Keyboard,Electronics,North,5,29937,149685
ORD1108,2023-04-19,CUST188,Laptop,Electronics,South,5,6656,33280
ORD1109,2023-04-20,CUST170,Tablet,Accessories,North,2,9984,19968
ORD1110,2023-04-21,CUST108,Laptop,Accessories,West,8,30984,247872
ORD1111,2023-04-22,CUST187,Mouse,Accessories,South,8,9286,74288
ORD1112,2023-04-23,CUST100,Laptop,Electronics,South,1,6901,6901
ORD1113,2023-04-24,CUST107,Laptop,Accessories,South,8,32552,260416
ORD1114,2023-04-25,CUST187,Mouse,Accessories,West,5,26709,133545
ORD1115,2023-04-26,CUST162,Headphones,Accessories,South,2,32055,64110
ORD1116,2023-04-27,CUST110,Laptop,Electronics,West,2,38685,77370
ORD1117,2023-04-28,CUST180,Mouse,Electronics,South,6,9429,56574
ORD1118,2023-04-29,CUST107,Keyboard,Electronics,East,9,15716,141444
ORD1119,2023-04-30,CUST134,Tablet,Electronics,North,1,49563,49563
ORD1120,2023-05-01,CUST134,Tablet,Electronics,East,6,12138,72828
ORD1121,2023-05-02,CUST132,Laptop,Electronics,North,9,36298,326682
ORD1122,2023-05-03,CUST104,Headphones,Electronics,West,8,24429,195432
ORD1123,2023-05-04,CUST140,Headphones,Electronics,East,6,6772,40632
ORD1124,2023-05-05,CUST127,Keyboard,Accessories,South,3,49244,147732
ORD1125,2023-05-06,CUST106,Laptop,Accessories,North,8,49519,396152
ORD1126,2023-05-07,CUST172,Tablet,Electronics,North,9,36732,330588
ORD1127,2023-05-08,CUST171,Headphones,Electronics,East,1,40905,40905
ORD1128,2023-05-09,CUST111,Laptop,Accessories,West,9,18347,165123
ORD1129,2023-05-10,CUST133,Headphones,Electronics,East,6,17920,107520
ORD1130,2023-05-11,CUST132,Mouse,Electronics,West,6,32822,196932
ORD1131,2023-05-12,CUST147,Headphones,Electronics,West,4,47659,190636
ORD1132,2023-05-13,CUST122,Tablet,Accessories,North,1,41108,41108
ORD1133,2023-05-14,CUST161,Smartphone,Accessories,East,8,24563,196504
ORD1134,2023-05-15,CUST187,Keyboard,Accessories,East,2,8967,17934
ORD1135,2023-05-16,CUST136,Keyboard,Accessories,West,1,46183,46183
ORD1136,2023-05-17,CUST198,Tablet,Accessories,East,2,12871,25742
ORD1137,2023-05-18,CUST143,Headphones,Electronics,South,1,29763,29763
ORD1138,2023-05-19,CUST185,Laptop,Accessories,South,1,12916,12916
ORD1139,2023-05-20,CUST190,Headphones,Electronics,East,9,9734,87606
ORD1140,2023-05-21,CUST134,Tablet,Electronics,East,1,34613,34613
ORD1141,2023-05-22,CUST164,Keyboard,Accessories,West,4,29179,116716
ORD1142,2023-05-23,CUST198,Headphones,Accessories,South,6,36262,217572
ORD1143,2023-05-24,CUST146,Keyboard,Electronics,South,7,13677,95739
ORD1144,2023-05-25,CUST177,Laptop,Electronics,North,2,19268,38536
ORD1145,2023-05-26,CUST102,Keyboard,Electronics,West,6,13330,79980
ORD1146,2023-05-27,CUST100,Keyboard,Accessories,North,7,21733,152131
ORD1147,2023-05-28,CUST104,Smartphone,Accessories,South,2,38947,77894
ORD1148,2023-05-29,CUST189,Smartphone,Accessories,West,2,28286,56572
ORD1149,2023-05-30,CUST113,Mouse,Accessories,East,7,7610,53270
ORD1150,2023-05-31,CUST126,Smartphone,Accessories,West,1,7430,7430
ORD1151,2023-06-01,CUST108,Keyboard,Electronics,East,8,40922,327376
ORD1152,2023-06-02,CUST178,Tablet,Accessories,East,3,14828,44484
ORD1153,2023-06-03,CUST114,Keyboard,Electronics,West,6,43913,263478
ORD1154,2023-06-04,CUST189,Tablet,Electronics,East,9,32497,292473
ORD1155,2023-06-05,CUST141,Tablet,Electronics,North,6,40256,241536
ORD1156,2023-06-06,CUST176,Smartphone,Accessories,South,9,37618,338562
ORD1157,2023-06-07,CUST150,Headphones,Accessories,East,7,47332,331324
ORD1158,2023-06-08,CUST162,Laptop,Accessories,North,9,27526,247734
ORD1159,2023-06-09,CUST195,Smartphone,Electronics,East,2,31158,62316
ORD1160,2023-06-10,CUST151,Smartphone,Electronics,South,8,26032,208256
ORD1161,2023-06-11,CUST195,Headphones,Electronics,North,8,38846,310768
ORD1162,2023-06-12,CUST103,Laptop,Electronics,South,2,45936,91872
ORD1163,2023-06-13,CUST193,Keyboard,Electronics,South,4,30794,123176
ORD1164,2023-06-14,CUST122,Mouse,Electronics,North,7,6448,45136
ORD1165,2023-06-15,CUST114,Mouse,Accessories,North,4,29861,119444
ORD1166,2023-06-16,CUST142,Keyboard,Accessories,North,4,29141,116564
ORD1167,2023-06-17,CUST128,Smartphone,Accessories,West,6,10074,60444
ORD1168,2023-06-18,CUST135,Laptop,Accessories,North,6,7406,44436
ORD1169,2023-06-19,CUST112,Smartphone,Electronics,North,3,32823,98469
ORD1170,2023-06-20,CUST131,Tablet,Electronics,North,9,24291,218619
ORD1171,2023-06-21,CUST170,Smartphone,Accessories,North,2,42568,85136
ORD1172,2023-06-22,CUST158,Smartphone,Electronics,East,6,33003,198018
ORD1173,2023-06-23,CUST185,Keyboard,Accessories,West,7,47851,334957
ORD1174,2023-06-24,CUST127,Keyboard,Accessories,South,9,35406,318654
ORD1175,2023-06-25,CUST165,Keyboard,Accessories,North,3,24312,72936
ORD1176,2023-06-26,CUST141,Mouse,Electronics,East,3,44108,132324
ORD1177,2023-06-27,CUST144,Tablet,Accessories,East,7,2382,16674
ORD1178,2023-06-28,CUST161,Keyboard,Accessories,East,4,35171,140684
ORD1179,2023-06-29,CUST156,Laptop,Accessories,South,8,42779,342232
ORD1180,2023-06-30,CUST105,Mouse,Electronics,North,7,4292,30044
ORD1181,2023-07-01,CUST127,Headphones,Electronics,West,5,42779,213895
ORD1182,2023-07-02,CUST127,Laptop,Accessories,West,7,34187,239309
ORD1183,2023-07-03,CUST143,Laptop,Electronics,East,3,13411,40233
ORD1184,2023-07-04,CUST183,Keyboard,Electronics,South,2,38285,76570
ORD1185,2023-07-05,CUST129,Headphones,Electronics,South,6,16422,98532
ORD1186,2023-07-06,CUST161,Headphones,Electronics,South,2,43468,86936
ORD1187,2023-07-07,CUST174,Mouse,Electronics,West,3,33371,100113
ORD1188,2023-07-08,CUST191,Headphones,Electronics,East,6,6693,40158
ORD1189,2023-07-09,CUST188,Tablet,Electronics,North,5,34535,172675
ORD1190,2023-07-10,CUST161,Keyboard,Electronics,West,8,15818,126544
ORD1191,2023-07-11,CUST196,Headphones,Electronics,East,9,32238,290142
ORD1192,2023-07-12,CUST100,Mouse,Electronics,East,3,31874,95622
ORD1193,2023-07-13,CUST126,Tablet,Accessories,North,3,27715,83145
ORD1194,2023-07-14,CUST161,Smartphone,Accessories,North,3,28605,85815
ORD1195,2023-07-15,CUST176,Smartphone,Electronics,North,6,35317,211902
ORD1196,2023-07-16,CUST102,Tablet,Accessories,South,1,32174,32174
ORD1197,2023-07-17,CUST169,Mouse,Accessories,North,7,10956,76692
ORD1198,2023-07-18,CUST171,Tablet,Electronics,East,1,39908,39908
ORD1199,2023-07-19,CUST126,Keyboard,Electronics,North,5,11837,59185
ORD1200,2023-07-20,CUST108,Keyboard,Electronics,East,8,4716,37728
ORD1201,2023-07-21,CUST161,Smartphone,Accessories,West,4,5481,21924
ORD1202,2023-07-22,CUST136,Headphones,Accessories,South,5,25282,126410
ORD1203,2023-07-23,CUST196,Mouse,Electronics,West,4,7548,30192
ORD1204,2023-07-24,CUST150,Smartphone,Electronics,West,4,38605,154420
ORD1205,2023-07-25,CUST143,Headphones,Electronics,East,8,8758,70064
ORD1206,2023-07-26,CUST123,Headphones,Accessories,West,2,44668,89336
ORD1207,2023-07-27,CUST178,Keyboard,Accessories,East,1,24177,24177
ORD1208,2023-07-28,CUST158,Laptop,Accessories,North,3,25022,75066
ORD1209,2023-07-29,CUST131,Laptop,Accessories,North,9,41761,375849
ORD1210,2023-07-30,CUST195,Tablet,Electronics,East,4,6542,26168
ORD1211,2023-07-31,CUST187,Keyboard,Electronics,North,5,26476,132380
ORD1212,2023-08-01,CUST151,Headphones,Electronics,South,2,31784,63568
ORD1213,2023-08-02,CUST161,Mouse,Electronics,West,4,23740,94960
ORD1214,2023-08-03,CUST157,Laptop,Accessories,South,2,25817,51634
ORD1215,2023-08-04,CUST151,Headphones,Accessories,West,2,48596,97192
ORD1216,2023-08-05,CUST111,Laptop,Electronics,North,4,17052,68208
ORD1217,2023-08-06,CUST138,Laptop,Electronics,South,6,36153,216918
ORD1218,2023-08-07,CUST101,Laptop,Accessories,North,7,48076,336532
ORD1219,2023-08-08,CUST102,Mouse,Electronics,West,3,1671,5013
ORD1220,2023-08-09,CUST155,Keyboard,Accessories,East,3,1163,3489
ORD1221,2023-08-10,CUST180,Mouse,Electronics,East,6,42424,254544
ORD1222,2023-08-11,CUST158,Smartphone,Electronics,South,3,45002,135006
ORD1223,2023-08-12,CUST101,Headphones,Electronics,North,2,5795,11590
ORD1224,2023-08-13,CUST101,Keyboard,Electronics,North,8,11634,93072
ORD1225,2023-08-14,CUST191,Keyboard,Electronics,South,5,5798,28990
ORD1226,2023-08-15,CUST153,Keyboard,Electronics,East,1,23420,23420
ORD1227,2023-08-16,CUST186,Keyboard,Electronics,West,3,30300,90900
ORD1228,2023-08-17,CUST195,Mouse,Accessories,South,8,25345,202760
ORD1229,2023-08-18,CUST196,Keyboard,Accessories,West,4,11749,46996
ORD1230,2023-08-19,CUST100,Tablet,Accessories,East,7,39595,277165
ORD1231,2023-08-20,CUST118,Headphones,Accessories,North,2,26121,52242
ORD1232,2023-08-21,CUST101,Keyboard,Accessories,East,7,38487,269409
ORD1233,2023-08-22,CUST152,Headphones,Electronics,South,5,29411,147055
ORD1234,2023-08-23,CUST143,Tablet,Electronics,North,5,34361,171805
ORD1235,2023-08-24,CUST189,Tablet,Accessories,South,6,22223,133338
ORD1236,2023-08-25,CUST131,Headphones,Electronics,South,9,8394,75546
ORD1237,2023-08-26,CUST169,Laptop,Accessories,East,6,15056,90336
ORD1238,2023-08-27,CUST131,Smartphone,Accessories,South,8,29380,235040
ORD1239,2023-08-28,CUST167,Laptop,Electronics,East,7,27035,189245
ORD1240,2023-08-29,CUST154,Laptop,Electronics,North,9,31620,284580
ORD1241,2023-08-30,CUST174,Mouse,Electronics,East,4,20877,83508
ORD1242,2023-08-31,CUST155,Laptop,Accessories,North,2,44404,88808
ORD1243,2023-09-01,CUST116,Keyboard,Electronics,East,7,31911,223377
ORD1244,2023-09-02,CUST137,Mouse,Accessories,West,6,33784,202704
ORD1245,2023-09-03,CUST123,Mouse,Accessories,West,1,4191,4191
ORD1246,2023-09-04,CUST168,Tablet,Accessories,South,9,34160,307440
ORD1247,2023-09-05,CUST197,Laptop,Electronics,East,9,26000,234000
ORD1248,2023-09-06,CUST169,Tablet,Electronics,East,2,40040,80080
ORD1249,2023-09-07,CUST185,Headphones,Accessories,North,3,4631,13893
ORD1250,2023-09-08,CUST110,Smartphone,Electronics,South,5,7172,35860
ORD1251,2023-09-09,CUST115,Mouse,Electronics,East,5,43080,215400
ORD1252,2023-09-10,CUST196,Headphones,Electronics,South,1,24561,24561
ORD1253,2023-09-11,CUST172,Headphones,Accessories,West,8,25817,206536
ORD1254,2023-09-12,CUST158,Keyboard,Accessories,East,8,21281,170248
ORD1255,2023-09-13,CUST169,Smartphone,Electronics,East,4,29671,118684
ORD1256,2023-09-14,CUST179,Headphones,Accessories,South,7,26364,184548
ORD1257,2023-09-15,CUST192,Headphones,Electronics,East,3,42674,128022
ORD1258,2023-09-16,CUST102,Smartphone,Electronics,South,6,28425,170550
ORD1259,2023-09-17,CUST119,Smartphone,Electronics,East,9,29602,266418
ORD1260,2023-09-18,CUST158,Headphones,Electronics,North,1,24253,24253
ORD1261,2023-09-19,CUST135,Smartphone,Accessories,South,5,24472,122360
ORD1262,2023-09-20,CUST118,Headphones,Accessories,East,4,9080,36320
ORD1263,2023-09-21,CUST189,Headphones,Accessories,West,8,8099,64792
ORD1264,2023-09-22,CUST166,Keyboard,Electronics,East,1,26431,26431
ORD1265,2023-09-23,CUST118,Laptop,Electronics,West,9,32186,289674
ORD1266,2023-09-24,CUST119,Headphones,Electronics,West,6,48684,292104
ORD1267,2023-09-25,CUST195,Tablet,Accessories,North,4,31111,124444
ORD1268,2023-09-26,CUST170,Mouse,Electronics,South,9,40851,367659
ORD1269,2023-09-27,CUST151,Laptop,Accessories,East,5,23614,118070
ORD1270,2023-09-28,CUST132,Laptop,Accessories,North,5,27724,138620
ORD1271,2023-09-29,CUST139,Laptop,Accessories,East,5,42991,214955
ORD1272,2023-09-30,CUST138,Keyboard,Accessories,West,1,5940,5940
ORD1273,2023-10-01,CUST181,Headphones,Accessories,South,1,29758,29758
ORD1274,2023-10-02,CUST100,Keyboard,Accessories,East,8,37224,297792
ORD1275,2023-10-03,CUST110,Headphones,Electronics,East,8,8788,70304
ORD1276,2023-10-04,CUST191,Keyboard,Electronics,West,6,29082,174492
ORD1277,2023-10-05,CUST156,Keyboard,Accessories,East,4,25034,100136
ORD1278,2023-10-06,CUST188,Mouse,Accessories,East,2,36479,72958
ORD1279,2023-10-07,CUST149,Tablet,Electronics,West,2,12280,24560
ORD1280,2023-10-08,CUST122,Keyboard,Accessories,North,9,19052,171468
ORD1281,2023-10-09,CUST130,Mouse,Accessories,West,5,17531,87655
ORD1282,2023-10-10,CUST193,Smartphone,Electronics,North,4,23804,95216
ORD1283,2023-10-11,CUST141,Tablet,Accessories,South,1,29903,29903
ORD1284,2023-10-12,CUST198,Keyboard,Accessories,North,7,45857,320999
ORD1285,2023-10-13,CUST106,Laptop,Accessories,North,3,11142,33426
ORD1286,2023-10-14,CUST115,Smartphone,Electronics,South,6,49355,296130
ORD1287,2023-10-15,CUST189,Smartphone,Electronics,North,5,10866,54330
ORD1288,2023-10-16,CUST159,Mouse,Electronics,West,5,5531,27655
ORD1289,2023-10-17,CUST101,Smartphone,Accessories,North,5,46454,232270
ORD1290,2023-10-18,CUST100,Tablet,Accessories,South,1,39098,39098
ORD1291,2023-10-19,CUST147,Keyboard,Electronics,West,1,39278,39278
ORD1292,2023-10-20,CUST111,Keyboard,Accessories,South,3,29138,87414
ORD1293,2023-10-21,CUST168,Laptop,Accessories,South,4,28065,112260
ORD1294,2023-10-22,CUST136,Mouse,Accessories,East,5,30956,154780
ORD1295,2023-10-23,CUST131,Laptop,Accessories,East,2,42732,85464
ORD1296,2023-10-24,CUST108,Smartphone,Accessories,South,8,40261,322088
ORD1297,2023-10-25,CUST198,Laptop,Electronics,South,2,11759,23518
ORD1298,2023-10-26,CUST118,Tablet,Accessories,South,9,6439,57951
ORD1299,2023-10-27,CUST147,Keyboard,Electronics,East,2,48241,96482
ORD1300,2023-10-28,CUST179,Smartphone,Accessories,East,9,43533,391797
ORD1301,2023-10-29,CUST102,Laptop,Electronics,North,7,29270,204890
ORD1302,2023-10-30,CUST119,Mouse,Accessories,North,8,14279,114232
ORD1303,2023-10-31,CUST123,Tablet,Electronics,South,2,40279,80558
ORD1304,2023-11-01,CUST153,Tablet,Accessories,West,7,45251,316757
ORD1305,2023-11-02,CUST132,Laptop,Electronics,West,6,24888,149328
ORD1306,2023-11-03,CUST123,Keyboard,Accessories,East,4,18630,74520
ORD1307,2023-11-04,CUST174,Laptop,Electronics,East,7,36144,253008
ORD1308,2023-11-05,CUST171,Smartphone,Accessories,East,4,32182,128728
ORD1309,2023-11-06,CUST135,Laptop,Electronics,South,2,26538,53076
ORD1310,2023-11-07,CUST137,Tablet,Electronics,West,7,12824,89768
ORD1311,2023-11-08,CUST183,Laptop,Accessories,North,8,33125,265000
ORD1312,2023-11-09,CUST198,Keyboard,Accessories,South,2,7979,15958
ORD1313,2023-11-10,CUST188,Mouse,Electronics,North,5,27189,135945
ORD1314,2023-11-11,CUST198,Headphones,Accessories,North,1,43600,43600
ORD1315,2023-11-12,CUST124,Laptop,Electronics,South,7,13504,94528
ORD1316,2023-11-13,CUST192,Keyboard,Electronics,North,8,21669,173352
ORD1317,2023-11-14,CUST117,Keyboard,Electronics,West,6,7910,47460
ORD1318,2023-11-15,CUST181,Mouse,Accessories,North,5,47857,239285
ORD1319,2023-11-16,CUST165,Tablet,Electronics,West,6,35964,215784
ORD1320,2023-11-17,CUST153,Keyboard,Electronics,West,2,21131,42262
ORD1321,2023-11-18,CUST134,Keyboard,Accessories,West,1,26227,26227
ORD1322,2023-11-19,CUST179,Keyboard,Accessories,East,7,6978,48846
ORD1323,2023-11-20,CUST160,Keyboard,Accessories,North,7,22991,160937
ORD1324,2023-11-21,CUST140,Smartphone,Accessories,South,2,18153,36306
ORD1325,2023-11-22,CUST199,Smartphone,Electronics,South,2,34548,69096
ORD1326,2023-11-23,CUST132,Tablet,Electronics,North,1,43676,43676
ORD1327,2023-11-24,CUST167,Laptop,Electronics,East,8,40071,320568
ORD1328,2023-11-25,CUST132,Keyboard,Electronics,East,8,48454,387632
ORD1329,2023-11-26,CUST113,Mouse,Accessories,West,1,4983,4983
ORD1330,2023-11-27,CUST120,Laptop,Electronics,North,8,10503,84024
ORD1331,2023-11-28,CUST147,Mouse,Electronics,North,9,30921,278289
ORD1332,2023-11-29,CUST119,Laptop,Accessories,South,4,17905,71620
ORD1333,2023-11-30,CUST107,Tablet,Electronics,North,1,46838,46838
ORD1334,2023-12-01,CUST106,Keyboard,Electronics,East,1,24953,24953
ORD1335,2023-12-02,CUST166,Keyboard,Electronics,North,3,27806,83418
ORD1336,2023-12-03,CUST116,Headphones,Electronics,South,5,46000,230000
ORD1337,2023-12-04,CUST132,Mouse,Electronics,West,5,23168,115840
ORD1338,2023-12-05,CUST147,Laptop,Electronics,South,9,5583,50247
ORD1339,2023-12-06,CUST175,Laptop,Accessories,South,2,39714,79428
ORD1340,2023-12-07,CUST158,Smartphone,Accessories,West,2,40896,81792
ORD1341,2023-12-08,CUST185,Headphones,Electronics,South,6,12889,77334
ORD1342,2023-12-09,CUST121,Smartphone,Electronics,South,9,28413,255717
ORD1343,2023-12-10,CUST129,Smartphone,Accessories,North,1,13275,13275
ORD1344,2023-12-11,CUST137,Smartphone,Electronics,North,9,3461,31149
ORD1345,2023-12-12,CUST150,Mouse,Electronics,West,9,15291,137619
ORD1346,2023-12-13,CUST153,Mouse,Electronics,North,9,47804,430236
ORD1347,2023-12-14,CUST107,Tablet,Accessories,North,5,12435,62175
ORD1348,2023-12-15,CUST126,Tablet,Electronics,South,9,28935,260415
ORD1349,2023-12-16,CUST126,Smartphone,Accessories,East,4,34453,137812
ORD1350,2023-12-17,CUST197,Headphones,Electronics,North,2,19544,39088
ORD1351,2023-12-18,CUST120,Laptop,Accessories,East,6,13258,79548
ORD1352,2023-12-19,CUST129,Mouse,Accessories,North,4,31841,127364
ORD1353,2023-12-20,CUST196,Headphones,Electronics,North,6,49758,298548
ORD1354,2023-12-21,CUST127,Keyboard,Accessories,West,3,11736,35208
ORD1355,2023-12-22,CUST163,Mouse,Electronics,West,6,38643,231858
ORD1356,2023-12-23,CUST196,Mouse,Accessories,West,2,44950,89900
ORD1357,2023-12-24,CUST168,Tablet,Electronics,East,2,35964,71928
ORD1358,2023-12-25,CUST160,Laptop,Electronics,South,9,29044,261396
ORD1359,2023-12-26,CUST147,Laptop,Accessories,North,7,40933,286531
ORD1360,2023-12-27,CUST118,Keyboard,Electronics,North,3,16997,50991
ORD1361,2023-12-28,CUST103,Keyboard,Electronics,North,1,15215,15215
ORD1362,2023-12-29,CUST134,Mouse,Accessories,East,8,34069,272552
ORD1363,2023-12-30,CUST163,Smartphone,Electronics,West,6,24911,149466
ORD1364,2023-12-31,CUST148,Tablet,Electronics,South,7,18030,126210
ORD1365,2024-01-01,CUST116,Tablet,Accessories,East,9,30334,273006
ORD1366,2024-01-02,CUST143,Mouse,Accessories,West,5,15571,77855
ORD1367,2024-01-03,CUST191,Headphones,Electronics,East,1,43719,43719
ORD1368,2024-01-04,CUST129,Smartphone,Electronics,South,7,29927,209489
ORD1369,2024-01-05,CUST192,Mouse,Accessories,West,5,21714,108570
ORD1370,2024-01-06,CUST145,Smartphone,Accessories,East,3,44541,133623
ORD1371,2024-01-07,CUST105,Smartphone,Electronics,South,9,24387,219483
ORD1372,2024-01-08,CUST198,Smartphone,Accessories,North,1,29444,29444
ORD1373,2024-01-09,CUST136,Mouse,Electronics,South,1,49908,49908
ORD1374,2024-01-10,CUST123,Tablet,Electronics,North,1,20921,20921
ORD1375,2024-01-11,CUST192,Tablet,Electronics,East,3,14057,42171
ORD1376,2024-01-12,CUST145,Smartphone,Electronics,West,6,46268,277608
ORD1377,2024-01-13,CUST152,Headphones,Electronics,West,3,25858,77574
ORD1378,2024-01-14,CUST194,Laptop,Accessories,East,8,49689,397512
ORD1379,2024-01-15,CUST198,Mouse,Accessories,West,2,45638,91276
ORD1380,2024-01-16,CUST159,Laptop,Accessories,West,9,27062,243558
ORD1381,2024-01-17,CUST196,Headphones,Accessories,North,3,37850,113550
ORD1382,2024-01-18,CUST162,Mouse,Electronics,East,5,47486,237430
ORD1383,2024-01-19,CUST184,Smartphone,Electronics,South,8,21567,172536
ORD1384,2024-01-20,CUST131,Tablet,Electronics,North,2,30739,61478
ORD1385,2024-01-21,CUST186,Laptop,Electronics,East,6,44285,265710
ORD1386,2024-01-22,CUST132,Keyboard,Accessories,North,5,4754,23770
ORD1387,2024-01-23,CUST166,Keyboard,Electronics,South,9,28044,252396
ORD1388,2024-01-24,CUST117,Headphones,Electronics,South,5,2724,13620
ORD1389,2024-01-25,CUST124,Smartphone,Accessories,East,2,2376,4752
ORD1390,2024-01-26,CUST194,Laptop,Accessories,South,5,9706,48530
ORD1391,2024-01-27,CUST153,Smartphone,Accessories,North,4,9894,39576
ORD1392,2024-01-28,CUST157,Laptop,Accessories,South,7,19037,133259
ORD1393,2024-01-29,CUST166,Headphones,Electronics,North,6,19450,116700
ORD1394,2024-01-30,CUST145,Headphones,Electronics,North,2,17406,34812
ORD1395,2024-01-31,CUST123,Keyboard,Accessories,South,5,30725,153625
ORD1396,2024-02-01,CUST131,Smartphone,Electronics,East,7,6926,48482
ORD1397,2024-02-02,CUST146,Mouse,Electronics,West,7,40019,280133
ORD1398,2024-02-03,CUST185,Keyboard,Electronics,South,5,10496,52480
ORD1399,2024-02-04,CUST122,Smartphone,Accessories,North,9,37068,333612
ORD1400,2024-02-05,CUST165,Keyboard,Electronics,North,4,30806,123224
ORD1401,2024-02-06,CUST126,Mouse,Accessories,South,3,23663,70989
ORD1402,2024-02-07,CUST101,Tablet,Electronics,East,4,42321,169284
ORD1403,2024-02-08,CUST189,Tablet,Electronics,East,5,37495,187475
ORD1404,2024-02-09,CUST116,Tablet,Electronics,North,6,23656,141936
ORD1405,2024-02-10,CUST132,Tablet,Accessories,North,3,26860,80580
ORD1406,2024-02-11,CUST108,Laptop,Electronics,East,2,17832,35664
ORD1407,2024-02-12,CUST142,Tablet,Accessories,West,4,39787,159148
ORD1408,2024-02-13,CUST147,Mouse,Accessories,South,5,49231,246155
ORD1409,2024-02-14,CUST138,Headphones,Accessories,North,4,22727,90908
ORD1410,2024-02-15,CUST192,Headphones,Electronics,North,3,43815,131445
ORD1411,2024-02-16,CUST141,Laptop,Electronics,East,8,30545,244360
ORD1412,2024-02-17,CUST125,Tablet,Electronics,South,4,45522,182088
ORD1413,2024-02-18,CUST198,Tablet,Electronics,East,2,3520,7040
ORD1414,2024-02-19,CUST149,Tablet,Accessories,South,2,4081,8162
ORD1415,2024-02-20,CUST124,Keyboard,Accessories,South,1,35196,35196
ORD1416,2024-02-21,CUST123,Smartphone,Accessories,South,4,37735,150940
ORD1417,2024-02-22,CUST112,Keyboard,Electronics,North,9,40213,361917
ORD1418,2024-02-23,CUST159,Smartphone,Accessories,West,7,15566,108962
ORD1419,2024-02-24,CUST106,Tablet,Electronics,East,7,15042,105294
ORD1420,2024-02-25,CUST156,Tablet,Accessories,West,7,26498,185486
ORD1421,2024-02-26,CUST135,Keyboard,Electronics,East,8,12329,98632
ORD1422,2024-02-27,CUST144,Keyboard,Electronics,South,1,32656,32656
ORD1423,2024-02-28,CUST119,Smartphone,Accessories,North,8,3159,25272
ORD1424,2024-02-29,CUST164,Headphones,Accessories,West,4,38900,155600
ORD1425,2024-03-01,CUST107,Smartphone,Accessories,North,4,20363,81452
ORD1426,2024-03-02,CUST115,Keyboard,Accessories,East,4,48701,194804
ORD1427,2024-03-03,CUST113,Mouse,Electronics,North,6,44241,265446
ORD1428,2024-03-04,CUST175,Keyboard,Accessories,North,7,20033,140231
ORD1429,2024-03-05,CUST186,Mouse,Accessories,West,6,11805,70830
ORD1430,2024-03-06,CUST114,Laptop,Accessories,South,1,36851,36851
ORD1431,2024-03-07,CUST191,Keyboard,Electronics,North,8,27832,222656
ORD1432,2024-03-08,CUST197,Laptop,Electronics,South,7,14944,104608
ORD1433,2024-03-09,CUST165,Headphones,Accessories,East,6,20873,125238
ORD1434,2024-03-10,CUST131,Smartphone,Electronics,North,6,41372,248232
ORD1435,2024-03-11,CUST186,Mouse,Accessories,West,5,24928,124640
ORD1436,2024-03-12,CUST162,Smartphone,Electronics,East,6,16379,98274
ORD1437,2024-03-13,CUST185,Laptop,Electronics,East,9,37751,339759
ORD1438,2024-03-14,CUST150,Mouse,Electronics,West,9,35546,319914
ORD1439,2024-03-15,CUST124,Smartphone,Electronics,North,8,25286,202288
ORD1440,2024-03-16,CUST157,Keyboard,Accessories,North,9,6110,54990
ORD1441,2024-03-17,CUST162,Tablet,Accessories,East,8,13087,104696
ORD1442,2024-03-18,CUST161,Laptop,Accessories,North,8,24762,198096
ORD1443,2024-03-19,CUST121,Smartphone,Electronics,South,1,18081,18081
ORD1444,2024-03-20,CUST157,Laptop,Accessories,West,5,35947,179735
ORD1445,2024-03-21,CUST157,Laptop,Accessories,South,4,10596,42384
ORD1446,2024-03-22,CUST185,Mouse,Accessories,North,2,39019,78038
ORD1447,2024-03-23,CUST148,Mouse,Electronics,East,8,43003,344024
ORD1448,2024-03-24,CUST151,Tablet,Electronics,West,3,19313,57939
ORD1449,2024-03-25,CUST141,Keyboard,Electronics,North,4,48639,194556
ORD1450,2024-03-26,CUST169,Laptop,Accessories,North,7,2013,14091
ORD1451,2024-03-27,CUST114,Smartphone,Accessories,East,9,24705,222345
ORD1452,2024-03-28,CUST153,Headphones,Accessories,East,2,2828,5656
ORD1453,2024-03-29,CUST159,Laptop,Electronics,South,3,8909,26727
ORD1454,2024-03-30,CUST196,Laptop,Electronics,West,4,39356,157424
ORD1455,2024-03-31,CUST107,Tablet,Accessories,West,1,14109,14109
ORD1456,2024-04-01,CUST152,Keyboard,Electronics,East,7,3023,21161
ORD1457,2024-04-02,CUST159,Headphones,Electronics,South,2,15537,31074
ORD1458,2024-04-03,CUST104,Mouse,Electronics,West,5,27661,138305
ORD1459,2024-04-04,CUST167,Mouse,Electronics,East,1,39659,39659
ORD1460,2024-04-05,CUST105,Smartphone,Accessories,North,3,34848,104544
ORD1461,2024-04-06,CUST195,Headphones,Electronics,West,2,38804,77608
ORD1462,2024-04-07,CUST193,Mouse,Electronics,South,1,16379,16379
ORD1463,2024-04-08,CUST146,Smartphone,Electronics,South,7,28766,201362
ORD1464,2024-04-09,CUST198,Keyboard,Electronics,South,5,44590,222950
ORD1465,2024-04-10,CUST154,Smartphone,Accessories,North,1,3563,3563
ORD1466,2024-04-11,CUST139,Mouse,Accessories,West,6,37060,222360
ORD1467,2024-04-12,CUST151,Tablet,Electronics,West,5,30197,150985
ORD1468,2024-04-13,CUST115,Tablet,Electronics,North,3,4586,13758
ORD1469,2024-04-14,CUST112,Tablet,Electronics,West,7,17087,119609
ORD1470,2024-04-15,CUST129,Mouse,Electronics,North,9,49868,448812
ORD1471,2024-04-16,CUST118,Tablet,Electronics,North,9,24225,218025
ORD1472,2024-04-17,CUST116,Headphones,Electronics,North,9,30750,276750
ORD1473,2024-04-18,CUST162,Keyboard,Accessories,South,2,7643,15286
ORD1474,2024-04-19,CUST118,Smartphone,Electronics,West,3,28523,85569
ORD1475,2024-04-20,CUST191,Smartphone,Accessories,North,7,37727,264089
ORD1476,2024-04-21,CUST157,Mouse,Accessories,West,5,12005,60025
ORD1477,2024-04-22,CUST154,Tablet,Electronics,South,2,44543,89086
ORD1478,2024-04-23,CUST189,Tablet,Accessories,North,3,1161,3483
ORD1479,2024-04-24,CUST189,Laptop,Accessories,East,6,17029,102174
ORD1480,2024-04-25,CUST161,Keyboard,Accessories,South,7,15226,106582
ORD1481,2024-04-26,CUST122,Headphones,Accessories,East,9,29731,267579
ORD1482,2024-04-27,CUST108,Smartphone,Accessories,West,1,44922,44922
ORD1483,2024-04-28,CUST111,Laptop,Accessories,West,7,45848,320936
ORD1484,2024-04-29,CUST100,Laptop,Electronics,South,8,4390,35120
ORD1485,2024-04-30,CUST157,Mouse,Accessories,West,3,6997,20991
ORD1486,2024-05-01,CUST100,Smartphone,Accessories,East,4,13693,54772
ORD1487,2024-05-02,CUST133,Mouse,Accessories,North,6,43092,258552
ORD1488,2024-05-03,CUST195,Headphones,Electronics,North,7,1541,10787
ORD1489,2024-05-04,CUST147,Laptop,Accessories,North,4,22817,91268
ORD1490,2024-05-05,CUST188,Laptop,Electronics,South,8,38861,310888
ORD1491,2024-05-06,CUST100,Keyboard,Accessories,West,5,14428,72140
ORD1492,2024-05-07,CUST115,Headphones,Electronics,East,1,44934,44934
ORD1493,2024-05-08,CUST160,Laptop,Electronics,West,4,49831,199324
ORD1494,2024-05-09,CUST163,Headphones,Accessories,West,3,11258,33774
ORD1495,2024-05-10,CUST162,Smartphone,Accessories,West,9,17044,153396
ORD1496,2024-05-11,CUST168,Tablet,Electronics,North,8,30411,243288
ORD1497,2024-05-12,CUST121,Laptop,Accessories,East,1,6469,6469
ORD1498,2024-05-13,CUST192,Keyboard,Electronics,East,6,29854,179124
ORD1499,2024-05-14,CUST166,Smartphone,Electronics,West,9,7256,65304
